From https://namecensus.com/first-names/,Male,,,Female,,
Rank,Name,Frequency (%),Count,Name,Frequency (%),Count
1,JAMES,3.32%,"10,835,570",MARY,2.63%,"8,585,507"
2,JOHN,3.27%,"10,682,082",PATRICIA,1.07%,"3,504,089"
3,ROBERT,3.14%,"10,264,073",LINDA,1.04%,"3,379,992"
4,MICHAEL,2.63%,"8,585,507",BARBARA,0.98%,"3,200,379"
5,WILLIAM,2.45%,"8,004,214",ELIZABETH,0.94%,"3,059,954"
6,DAVID,2.36%,"7,716,833",JENNIFER,0.93%,"3,043,626"
7,RICHARD,1.70%,"5,561,475",MARIA,0.83%,"2,703,994"
8,CHARLES,1.52%,"4,973,651",SUSAN,0.79%,"2,592,960"
9,JOSEPH,1.40%,"4,585,033",MARGARET,0.77%,"2,508,052"
10,THOMAS,1.38%,"4,506,656",DOROTHY,0.73%,"2,374,159"
11,CHRISTOPHER,1.04%,"3,379,992",LISA,0.70%,"2,299,048"
12,DANIEL,0.97%,"3,180,785",NANCY,0.67%,"2,184,749"
13,PAUL,0.95%,"3,095,877",KAREN,0.67%,"2,178,217"
14,MARK,0.94%,"3,063,220",BETTY,0.67%,"2,174,952"
15,DONALD,0.93%,"3,040,360",HELEN,0.66%,"2,165,155"
16,GEORGE,0.93%,"3,027,297",SANDRA,0.63%,"2,054,121"
17,KENNETH,0.83%,"2,697,462",DONNA,0.58%,"1,903,899"
18,STEVEN,0.78%,"2,547,241",CAROL,0.57%,"1,845,117"
19,EDWARD,0.78%,"2,543,975",RUTH,0.56%,"1,835,320"
20,BRIAN,0.74%,"2,403,550",SHARON,0.52%,"1,704,692"
21,RONALD,0.73%,"2,367,627",MICHELLE,0.52%,"1,694,895"
22,ANTHONY,0.72%,"2,354,565",LAURA,0.51%,"1,665,503"
23,KEVIN,0.67%,"2,191,280",SARAH,0.51%,"1,658,972"
24,JASON,0.66%,"2,155,357",KIMBERLY,0.50%,"1,645,909"
25,MATTHEW,0.66%,"2,145,560",DEBORAH,0.49%,"1,613,252"
26,GARY,0.65%,"2,122,701",JESSICA,0.49%,"1,600,190"
27,TIMOTHY,0.64%,"2,090,044",SHIRLEY,0.48%,"1,574,064"
28,JOSE,0.61%,"2,001,870",CYNTHIA,0.47%,"1,531,610"
29,LARRY,0.60%,"1,952,884",ANGELA,0.47%,"1,528,344"
30,JEFFREY,0.59%,"1,930,025",MELISSA,0.46%,"1,508,750"
31,FRANK,0.58%,"1,897,368",BRENDA,0.46%,"1,485,890"
32,SCOTT,0.55%,"1,783,068",AMY,0.45%,"1,472,828"
33,ERIC,0.54%,"1,776,537",ANNA,0.44%,"1,436,905"
34,STEPHEN,0.54%,"1,763,474",REBECCA,0.43%,"1,404,248"
35,ANDREW,0.54%,"1,753,677",VIRGINIA,0.43%,"1,404,248"
36,RAYMOND,0.49%,"1,593,658",KATHLEEN,0.42%,"1,384,654"
37,GREGORY,0.44%,"1,440,171",PAMELA,0.42%,"1,358,528"
38,JOSHUA,0.44%,"1,420,576",MARTHA,0.41%,"1,345,466"
39,JERRY,0.43%,"1,410,779",DEBRA,0.41%,"1,332,403"
40,DENNIS,0.42%,"1,355,263",AMANDA,0.40%,"1,319,340"
41,WALTER,0.40%,"1,303,012",STEPHANIE,0.40%,"1,306,277"
42,PATRICK,0.39%,"1,270,355",CAROLYN,0.39%,"1,257,292"
43,PETER,0.38%,"1,244,229",CHRISTINE,0.38%,"1,247,495"
44,HAROLD,0.37%,"1,211,572",MARIE,0.38%,"1,237,698"
45,DOUGLAS,0.37%,"1,198,509",JANET,0.38%,"1,237,698"
46,HENRY,0.37%,"1,191,978",CATHERINE,0.37%,"1,218,104"
47,CARL,0.35%,"1,129,930",FRANCES,0.37%,"1,208,306"
48,ARTHUR,0.34%,"1,094,007",ANN,0.36%,"1,188,712"
49,RYAN,0.33%,"1,071,147",JOYCE,0.36%,"1,188,712"
50,ROGER,0.32%,"1,051,553",DIANE,0.36%,"1,172,384"
51,JOE,0.32%,"1,048,287",ALICE,0.36%,"1,165,852"
52,JUAN,0.32%,"1,031,959",JULIE,0.35%,"1,136,461"
53,JACK,0.32%,"1,028,693",HEATHER,0.34%,"1,100,539"
54,ALBERT,0.31%,"1,025,428",TERESA,0.34%,"1,097,273"
55,JONATHAN,0.31%,"1,022,162",DORIS,0.34%,"1,094,007"
56,JUSTIN,0.31%,"1,015,631",GLORIA,0.34%,"1,094,007"
57,TERRY,0.31%,"1,015,631",EVELYN,0.32%,"1,051,553"
58,GERALD,0.31%,"1,009,099",JEAN,0.32%,"1,028,693"
59,KEITH,0.31%,"1,005,833",CHERYL,0.32%,"1,028,693"
60,SAMUEL,0.31%,"999,302",MILDRED,0.31%,"1,022,162"
61,WILLIE,0.30%,"986,239",KATHERINE,0.31%,"1,022,162"
62,RALPH,0.28%,"920,925",JOAN,0.31%,"999,302"
63,LAWRENCE,0.28%,"920,925",ASHLEY,0.30%,"989,505"
64,NICHOLAS,0.28%,"898,066",JUDITH,0.30%,"969,911"
65,ROY,0.27%,"891,534",ROSE,0.30%,"966,645"
66,BENJAMIN,0.27%,"881,737",JANICE,0.29%,"930,723"
67,BRUCE,0.26%,"858,877",KELLY,0.28%,"924,191"
68,BRANDON,0.26%,"849,080",NICOLE,0.28%,"917,660"
69,ADAM,0.26%,"845,815",JUDY,0.28%,"901,331"
70,HARRY,0.25%,"819,689",CHRISTINA,0.28%,"898,066"
71,FRED,0.25%,"819,689",KATHY,0.27%,"888,269"
72,WAYNE,0.25%,"813,158",THERESA,0.27%,"885,003"
73,BILLY,0.25%,"809,892",BEVERLY,0.27%,"871,940"
74,STEVE,0.25%,"803,360",DENISE,0.26%,"862,143"
75,LOUIS,0.24%,"793,563",TAMMY,0.26%,"845,815"
76,JEREMY,0.24%,"790,298",IRENE,0.25%,"822,955"
77,AARON,0.24%,"783,766",JANE,0.25%,"816,423"
78,RANDY,0.23%,"757,641",LORI,0.25%,"809,892"
79,HOWARD,0.23%,"751,109",RACHEL,0.24%,"790,298"
80,EUGENE,0.23%,"751,109",MARILYN,0.24%,"787,032"
81,CARLOS,0.23%,"747,844",ANDREA,0.24%,"770,704"
82,RUSSELL,0.22%,"731,515",KATHRYN,0.23%,"764,172"
83,BOBBY,0.22%,"728,250",LOUISE,0.23%,"747,844"
84,VICTOR,0.22%,"724,984",SARA,0.23%,"747,844"
85,MARTIN,0.22%,"705,390",ANNE,0.23%,"744,578"
86,ERNEST,0.22%,"702,124",JACQUELINE,0.23%,"744,578"
87,PHILLIP,0.21%,"695,593",WANDA,0.23%,"738,047"
88,TODD,0.21%,"695,593",BONNIE,0.22%,"728,250"
89,JESSE,0.21%,"682,530",JULIA,0.22%,"728,250"
90,CRAIG,0.21%,"672,733",RUBY,0.22%,"721,718"
91,ALAN,0.20%,"666,201",LOIS,0.22%,"718,452"
92,SHAWN,0.20%,"653,139",TINA,0.22%,"718,452"
93,CLARENCE,0.20%,"643,342",PHYLLIS,0.22%,"715,187"
94,SEAN,0.20%,"643,342",NORMA,0.22%,"711,921"
95,PHILIP,0.20%,"643,342",PAULA,0.22%,"708,655"
96,CHRIS,0.20%,"643,342",DIANA,0.22%,"705,390"
97,JOHNNY,0.20%,"636,810",ANNIE,0.22%,"705,390"
98,EARL,0.19%,"630,279",LILLIAN,0.21%,"689,061"
99,JIMMY,0.19%,"623,747",EMILY,0.21%,"679,264"
100,ANTONIO,0.19%,"620,482",ROBIN,0.21%,"679,264"
101,DANNY,0.19%,"620,482",PEGGY,0.21%,"679,264"
102,BRYAN,0.19%,"620,482",CRYSTAL,0.21%,"675,998"
103,TONY,0.19%,"620,482",GLADYS,0.21%,"669,467"
104,LUIS,0.19%,"617,216",RITA,0.20%,"666,201"
105,MIKE,0.19%,"617,216",DAWN,0.20%,"659,670"
106,STANLEY,0.19%,"607,419",CONNIE,0.20%,"653,139"
107,LEONARD,0.19%,"607,419",FLORENCE,0.20%,"653,139"
108,NATHAN,0.19%,"604,153",TRACY,0.20%,"643,342"
109,DALE,0.18%,"600,888",EDNA,0.20%,"643,342"
110,MANUEL,0.18%,"591,090",TIFFANY,0.20%,"636,810"
111,RODNEY,0.18%,"587,825",CARMEN,0.20%,"636,810"
112,CURTIS,0.18%,"587,825",ROSA,0.19%,"633,544"
113,NORMAN,0.18%,"578,028",CINDY,0.19%,"627,013"
114,ALLEN,0.17%,"568,231",GRACE,0.19%,"617,216"
115,MARVIN,0.17%,"558,434",WENDY,0.19%,"604,153"
116,VINCENT,0.17%,"548,636",VICTORIA,0.18%,"587,825"
117,GLENN,0.17%,"545,371",EDITH,0.18%,"584,559"
118,JEFFERY,0.17%,"542,105",KIM,0.18%,"581,293"
119,TRAVIS,0.17%,"542,105",SHERRY,0.18%,"581,293"
120,JEFF,0.17%,"542,105",SYLVIA,0.18%,"578,028"
121,CHAD,0.17%,"538,839",JOSEPHINE,0.18%,"578,028"
122,JACOB,0.17%,"538,839",THELMA,0.18%,"571,496"
123,LEE,0.16%,"529,042",SHANNON,0.18%,"571,496"
124,MELVIN,0.16%,"529,042",SHEILA,0.18%,"571,496"
125,ALFRED,0.16%,"529,042",ETHEL,0.17%,"568,231"
126,KYLE,0.16%,"522,511",ELLEN,0.17%,"564,965"
127,FRANCIS,0.16%,"522,511",ELAINE,0.17%,"564,965"
128,BRADLEY,0.16%,"519,245",MARJORIE,0.17%,"564,965"
129,JESUS,0.16%,"506,182",CARRIE,0.17%,"558,434"
130,HERBERT,0.16%,"506,182",CHARLOTTE,0.17%,"551,902"
131,FREDERICK,0.15%,"502,917",MONICA,0.17%,"542,105"
132,RAY,0.15%,"499,651",ESTHER,0.17%,"542,105"
133,JOEL,0.15%,"496,385",PAULINE,0.17%,"538,839"
134,EDWIN,0.15%,"483,323",EMMA,0.17%,"538,839"
135,DON,0.15%,"473,525",JUANITA,0.16%,"535,574"
136,EDDIE,0.14%,"470,260",ANITA,0.16%,"529,042"
137,RICKY,0.14%,"460,463",RHONDA,0.16%,"529,042"
138,TROY,0.14%,"450,666",HAZEL,0.16%,"525,777"
139,RANDALL,0.14%,"450,666",AMBER,0.16%,"522,511"
140,BARRY,0.13%,"437,603",EVA,0.16%,"519,245"
141,ALEXANDER,0.13%,"431,071",DEBBIE,0.16%,"512,714"
142,BERNARD,0.13%,"414,743",APRIL,0.15%,"502,917"
143,MARIO,0.13%,"408,212",LESLIE,0.15%,"502,917"
144,LEROY,0.13%,"408,212",CLARA,0.15%,"499,651"
145,FRANCISCO,0.12%,"404,946",LUCILLE,0.15%,"499,651"
146,MARCUS,0.12%,"404,946",JAMIE,0.15%,"499,651"
147,MICHEAL,0.12%,"401,680",JOANNE,0.15%,"489,854"
148,THEODORE,0.12%,"401,680",ELEANOR,0.15%,"489,854"
149,CLIFFORD,0.12%,"401,680",VALERIE,0.15%,"486,588"
150,MIGUEL,0.12%,"398,415",DANIELLE,0.15%,"486,588"
151,OSCAR,0.12%,"398,415",MEGAN,0.15%,"480,057"
152,JAY,0.12%,"385,352",ALICIA,0.15%,"476,791"
153,JIM,0.12%,"385,352",SUZANNE,0.15%,"473,525"
154,TOM,0.12%,"382,086",MICHELE,0.15%,"473,525"
155,CALVIN,0.12%,"375,555",GAIL,0.15%,"473,525"
156,ALEX,0.12%,"375,555",BERTHA,0.14%,"466,994"
157,JON,0.12%,"375,555",DARLENE,0.14%,"463,728"
158,RONNIE,0.11%,"369,023",VERONICA,0.14%,"463,728"
159,BILL,0.11%,"365,758",JILL,0.14%,"463,728"
160,LLOYD,0.11%,"365,758",ERIN,0.14%,"460,463"
161,TOMMY,0.11%,"365,758",GERALDINE,0.14%,"460,463"
162,LEON,0.11%,"365,758",LAUREN,0.14%,"447,400"
163,DEREK,0.11%,"365,758",CATHY,0.14%,"447,400"
164,WARREN,0.11%,"359,226",JOANN,0.14%,"444,134"
165,DARRELL,0.11%,"352,695",LORRAINE,0.14%,"440,869"
166,JEROME,0.11%,"352,695",LYNN,0.14%,"440,869"
167,FLOYD,0.11%,"349,429",SALLY,0.14%,"440,869"
168,LEO,0.11%,"346,163",REGINA,0.13%,"434,337"
169,ALVIN,0.11%,"342,898",ERICA,0.13%,"424,540"
170,TIM,0.10%,"339,632",BEATRICE,0.13%,"424,540"
171,WESLEY,0.10%,"339,632",DOLORES,0.13%,"421,274"
172,GORDON,0.10%,"339,632",BERNICE,0.13%,"418,009"
173,DEAN,0.10%,"339,632",AUDREY,0.13%,"414,743"
174,GREG,0.10%,"339,632",YVONNE,0.13%,"411,477"
175,JORGE,0.10%,"339,632",ANNETTE,0.13%,"408,212"
176,DUSTIN,0.10%,"336,366",JUNE,0.13%,"408,212"
177,PEDRO,0.10%,"336,366",SAMANTHA,0.12%,"404,946"
178,DERRICK,0.10%,"336,366",MARION,0.12%,"398,415"
179,DAN,0.10%,"329,835",DANA,0.12%,"398,415"
180,LEWIS,0.10%,"323,304",STACY,0.12%,"395,149"
181,ZACHARY,0.10%,"323,304",ANA,0.12%,"391,883"
182,COREY,0.10%,"320,038",RENEE,0.12%,"391,883"
183,HERMAN,0.10%,"316,772",IDA,0.12%,"385,352"
184,MAURICE,0.10%,"316,772",VIVIAN,0.12%,"385,352"
185,VERNON,0.10%,"316,772",ROBERTA,0.12%,"382,086"
186,ROBERTO,0.10%,"316,772",HOLLY,0.12%,"382,086"
187,CLYDE,0.10%,"310,241",BRITTANY,0.12%,"382,086"
188,GLEN,0.09%,"306,975",MELANIE,0.12%,"378,820"
189,HECTOR,0.09%,"306,975",LORETTA,0.12%,"375,555"
190,SHANE,0.09%,"303,709",YOLANDA,0.12%,"375,555"
191,RICARDO,0.09%,"303,709",JEANETTE,0.12%,"375,555"
192,SAM,0.09%,"300,444",LAURIE,0.11%,"372,289"
193,RICK,0.09%,"297,178",KATIE,0.11%,"369,023"
194,LESTER,0.09%,"297,178",KRISTEN,0.11%,"362,492"
195,BRENT,0.09%,"293,912",VANESSA,0.11%,"362,492"
196,RAMON,0.09%,"293,912",ALMA,0.11%,"362,492"
197,CHARLIE,0.09%,"293,912",SUE,0.11%,"362,492"
198,TYLER,0.09%,"290,647",ELSIE,0.11%,"359,226"
199,GILBERT,0.09%,"290,647",BETH,0.11%,"359,226"
200,GENE,0.09%,"284,115",JEANNE,0.11%,"355,961"
201,MARC,0.09%,"284,115",VICKI,0.11%,"355,961"
202,REGINALD,0.08%,"274,318",CARLA,0.11%,"349,429"
203,RUBEN,0.08%,"267,787",TARA,0.11%,"349,429"
204,BRETT,0.08%,"267,787",ROSEMARY,0.11%,"349,429"
205,ANGEL,0.08%,"267,787",EILEEN,0.11%,"342,898"
206,NATHANIEL,0.08%,"264,521",TERRI,0.11%,"342,898"
207,RAFAEL,0.08%,"264,521",GERTRUDE,0.10%,"336,366"
208,LESLIE,0.08%,"264,521",LUCY,0.10%,"336,366"
209,EDGAR,0.08%,"261,255",TONYA,0.10%,"333,101"
210,MILTON,0.08%,"261,255",ELLA,0.10%,"329,835"
211,RAUL,0.08%,"257,990",STACEY,0.10%,"329,835"
212,BEN,0.08%,"254,724",WILMA,0.10%,"323,304"
213,CHESTER,0.08%,"254,724",GINA,0.10%,"323,304"
214,CECIL,0.08%,"254,724",KRISTIN,0.10%,"323,304"
215,DUANE,0.08%,"251,458",JESSIE,0.10%,"320,038"
216,FRANKLIN,0.08%,"251,458",NATALIE,0.10%,"320,038"
217,ANDRE,0.08%,"248,193",AGNES,0.10%,"320,038"
218,ELMER,0.07%,"241,661",VERA,0.10%,"320,038"
219,BRAD,0.07%,"238,396",WILLIE,0.10%,"316,772"
220,GABRIEL,0.07%,"238,396",CHARLENE,0.10%,"316,772"
221,RON,0.07%,"235,130",BESSIE,0.10%,"313,507"
222,MITCHELL,0.07%,"235,130",DELORES,0.10%,"310,241"
223,ROLAND,0.07%,"235,130",MELINDA,0.09%,"306,975"
224,ARNOLD,0.07%,"235,130",PEARL,0.09%,"306,975"
225,HARVEY,0.07%,"235,130",ARLENE,0.09%,"306,975"
226,JARED,0.07%,"231,864",MAUREEN,0.09%,"300,444"
227,ADRIAN,0.07%,"225,333",COLLEEN,0.09%,"300,444"
228,KARL,0.07%,"225,333",ALLISON,0.09%,"300,444"
229,CORY,0.07%,"222,067",TAMARA,0.09%,"300,444"
230,CLAUDE,0.07%,"222,067",JOY,0.09%,"297,178"
231,ERIK,0.07%,"222,067",GEORGIA,0.09%,"297,178"
232,DARRYL,0.07%,"218,801",CONSTANCE,0.09%,"297,178"
233,JAMIE,0.07%,"215,536",LILLIE,0.09%,"293,912"
234,NEIL,0.07%,"215,536",CLAUDIA,0.09%,"293,912"
235,JESSIE,0.07%,"212,270",JACKIE,0.09%,"293,912"
236,CHRISTIAN,0.07%,"212,270",MARCIA,0.09%,"293,912"
237,JAVIER,0.07%,"212,270",TANYA,0.09%,"290,647"
238,FERNANDO,0.07%,"212,270",NELLIE,0.09%,"290,647"
239,CLINTON,0.07%,"212,270",MINNIE,0.09%,"290,647"
240,TED,0.06%,"209,004",MARLENE,0.09%,"287,381"
241,MATHEW,0.06%,"209,004",HEIDI,0.09%,"287,381"
242,TYRONE,0.06%,"209,004",GLENDA,0.09%,"287,381"
243,DARREN,0.06%,"209,004",LYDIA,0.09%,"280,850"
244,LONNIE,0.06%,"209,004",VIOLA,0.09%,"280,850"
245,LANCE,0.06%,"205,739",COURTNEY,0.09%,"280,850"
246,CODY,0.06%,"205,739",MARIAN,0.09%,"280,850"
247,JULIO,0.06%,"205,739",STELLA,0.09%,"277,584"
248,KELLY,0.06%,"205,739",CAROLINE,0.09%,"277,584"
249,KURT,0.06%,"202,473",DORA,0.08%,"274,318"
250,ALLAN,0.06%,"199,207",JO,0.08%,"271,053"
251,NELSON,0.06%,"199,207",VICKIE,0.08%,"267,787"
252,GUY,0.06%,"195,942",MATTIE,0.08%,"264,521"
253,CLAYTON,0.06%,"195,942",TERRY,0.08%,"261,255"
254,HUGH,0.06%,"195,942",MAXINE,0.08%,"257,990"
255,MAX,0.06%,"192,676",IRMA,0.08%,"257,990"
256,DWAYNE,0.06%,"192,676",MABEL,0.08%,"254,724"
257,DWIGHT,0.06%,"189,410",MARSHA,0.08%,"254,724"
258,ARMANDO,0.06%,"189,410",MYRTLE,0.08%,"254,724"
259,FELIX,0.06%,"189,410",LENA,0.08%,"251,458"
260,JIMMIE,0.06%,"189,410",CHRISTY,0.08%,"251,458"
261,EVERETT,0.06%,"186,145",DEANNA,0.08%,"248,193"
262,JORDAN,0.06%,"182,879",PATSY,0.08%,"248,193"
263,IAN,0.06%,"182,879",HILDA,0.08%,"244,927"
264,WALLACE,0.06%,"182,879",GWENDOLYN,0.07%,"241,661"
265,KEN,0.06%,"179,613",JENNIE,0.07%,"238,396"
266,BOB,0.06%,"179,613",NORA,0.07%,"238,396"
267,JAIME,0.06%,"179,613",MARGIE,0.07%,"235,130"
268,CASEY,0.05%,"176,347",NINA,0.07%,"235,130"
269,ALFREDO,0.05%,"176,347",CASSANDRA,0.07%,"235,130"
270,ALBERTO,0.05%,"173,082",LEAH,0.07%,"235,130"
271,DAVE,0.05%,"173,082",PENNY,0.07%,"231,864"
272,IVAN,0.05%,"173,082",KAY,0.07%,"231,864"
273,JOHNNIE,0.05%,"169,816",PRISCILLA,0.07%,"231,864"
274,SIDNEY,0.05%,"169,816",NAOMI,0.07%,"231,864"
275,BYRON,0.05%,"169,816",CAROLE,0.07%,"231,864"
276,JULIAN,0.05%,"169,816",BRANDY,0.07%,"228,599"
277,ISAAC,0.05%,"166,550",OLGA,0.07%,"228,599"
278,MORRIS,0.05%,"166,550",BILLIE,0.07%,"225,333"
279,CLIFTON,0.05%,"163,285",DIANNE,0.07%,"225,333"
280,WILLARD,0.05%,"163,285",TRACEY,0.07%,"225,333"
281,DARYL,0.05%,"163,285",LEONA,0.07%,"225,333"
282,ROSS,0.05%,"163,285",JENNY,0.07%,"222,067"
283,VIRGIL,0.05%,"160,019",FELICIA,0.07%,"222,067"
284,ANDY,0.05%,"160,019",SONIA,0.07%,"222,067"
285,MARSHALL,0.05%,"160,019",MIRIAM,0.07%,"215,536"
286,SALVADOR,0.05%,"160,019",VELMA,0.07%,"215,536"
287,PERRY,0.05%,"160,019",BECKY,0.07%,"215,536"
288,KIRK,0.05%,"160,019",BOBBIE,0.07%,"212,270"
289,SERGIO,0.05%,"160,019",VIOLET,0.07%,"212,270"
290,MARION,0.05%,"156,753",KRISTINA,0.07%,"212,270"
291,TRACY,0.05%,"156,753",TONI,0.06%,"209,004"
292,SETH,0.05%,"156,753",MISTY,0.06%,"205,739"
293,KENT,0.05%,"156,753",MAE,0.06%,"205,739"
294,TERRANCE,0.05%,"156,753",SHELLY,0.06%,"202,473"
295,RENE,0.05%,"156,753",DAISY,0.06%,"202,473"
296,EDUARDO,0.05%,"153,488",RAMONA,0.06%,"202,473"
297,TERRENCE,0.05%,"153,488",SHERRI,0.06%,"202,473"
298,ENRIQUE,0.05%,"150,222",ERIKA,0.06%,"199,207"
299,FREDDIE,0.05%,"150,222",KATRINA,0.06%,"199,207"
300,WADE,0.05%,"146,956",CLAIRE,0.06%,"199,207"
301,AUSTIN,0.04%,"143,690",LINDSEY,0.06%,"195,942"
302,STUART,0.04%,"143,690",LINDSAY,0.06%,"195,942"
303,FREDRICK,0.04%,"140,425",GENEVA,0.06%,"192,676"
304,ARTURO,0.04%,"140,425",GUADALUPE,0.06%,"192,676"
305,ALEJANDRO,0.04%,"140,425",BELINDA,0.06%,"192,676"
306,JACKIE,0.04%,"140,425",MARGARITA,0.06%,"192,676"
307,JOEY,0.04%,"140,425",SHERYL,0.06%,"192,676"
308,NICK,0.04%,"140,425",CORA,0.06%,"189,410"
309,LUTHER,0.04%,"140,425",FAYE,0.06%,"189,410"
310,WENDELL,0.04%,"137,159",ADA,0.06%,"186,145"
311,JEREMIAH,0.04%,"137,159",NATASHA,0.06%,"186,145"
312,EVAN,0.04%,"137,159",SABRINA,0.06%,"186,145"
313,JULIUS,0.04%,"137,159",ISABEL,0.06%,"186,145"
314,DANA,0.04%,"137,159",MARGUERITE,0.06%,"182,879"
315,DONNIE,0.04%,"133,893",HATTIE,0.06%,"182,879"
316,OTIS,0.04%,"133,893",HARRIET,0.06%,"182,879"
317,SHANNON,0.04%,"130,628",MOLLY,0.06%,"179,613"
318,TREVOR,0.04%,"130,628",CECILIA,0.06%,"179,613"
319,OLIVER,0.04%,"130,628",KRISTI,0.06%,"179,613"
320,LUKE,0.04%,"130,628",BRANDI,0.06%,"179,613"
321,HOMER,0.04%,"130,628",BLANCHE,0.06%,"179,613"
322,GERARD,0.04%,"130,628",SANDY,0.06%,"179,613"
323,DOUG,0.04%,"130,628",ROSIE,0.06%,"179,613"
324,KENNY,0.04%,"127,362",JOANNA,0.06%,"179,613"
325,HUBERT,0.04%,"127,362",IRIS,0.06%,"179,613"
326,ANGELO,0.04%,"127,362",EUNICE,0.05%,"176,347"
327,SHAUN,0.04%,"127,362",ANGIE,0.05%,"176,347"
328,LYLE,0.04%,"124,096",INEZ,0.05%,"173,082"
329,MATT,0.04%,"124,096",LYNDA,0.05%,"173,082"
330,LYNN,0.04%,"124,096",MADELINE,0.05%,"169,816"
331,ALFONSO,0.04%,"124,096",AMELIA,0.05%,"169,816"
332,ORLANDO,0.04%,"120,831",ALBERTA,0.05%,"169,816"
333,REX,0.04%,"120,831",GENEVIEVE,0.05%,"166,550"
334,CARLTON,0.04%,"120,831",MONIQUE,0.05%,"166,550"
335,ERNESTO,0.04%,"120,831",JODI,0.05%,"166,550"
336,CAMERON,0.04%,"120,831",JANIE,0.05%,"166,550"
337,NEAL,0.04%,"120,831",MAGGIE,0.05%,"166,550"
338,PABLO,0.04%,"117,565",KAYLA,0.05%,"166,550"
339,LORENZO,0.04%,"117,565",SONYA,0.05%,"166,550"
340,OMAR,0.04%,"117,565",JAN,0.05%,"166,550"
341,WILBUR,0.04%,"117,565",LEE,0.05%,"166,550"
342,BLAKE,0.04%,"117,565",KRISTINE,0.05%,"166,550"
343,GRANT,0.04%,"117,565",CANDACE,0.05%,"166,550"
344,HORACE,0.04%,"117,565",FANNIE,0.05%,"163,285"
345,RODERICK,0.04%,"117,565",MARYANN,0.05%,"163,285"
346,KERRY,0.04%,"117,565",OPAL,0.05%,"163,285"
347,ABRAHAM,0.04%,"114,299",ALISON,0.05%,"163,285"
348,WILLIS,0.04%,"114,299",YVETTE,0.05%,"163,285"
349,RICKEY,0.04%,"114,299",MELODY,0.05%,"163,285"
350,JEAN,0.04%,"114,299",LUZ,0.05%,"160,019"
351,IRA,0.04%,"114,299",SUSIE,0.05%,"160,019"
352,ANDRES,0.03%,"111,034",OLIVIA,0.05%,"160,019"
353,CESAR,0.03%,"111,034",FLORA,0.05%,"160,019"
354,JOHNATHAN,0.03%,"111,034",SHELLEY,0.05%,"160,019"
355,MALCOLM,0.03%,"111,034",KRISTY,0.05%,"156,753"
356,RUDOLPH,0.03%,"111,034",MAMIE,0.05%,"156,753"
357,DAMON,0.03%,"111,034",LULA,0.05%,"156,753"
358,KELVIN,0.03%,"111,034",LOLA,0.05%,"156,753"
359,RUDY,0.03%,"111,034",VERNA,0.05%,"156,753"
360,PRESTON,0.03%,"111,034",BEULAH,0.05%,"156,753"
361,ALTON,0.03%,"107,768",ANTOINETTE,0.05%,"156,753"
362,ARCHIE,0.03%,"107,768",CANDICE,0.05%,"150,222"
363,MARCO,0.03%,"107,768",JUANA,0.05%,"150,222"
364,WM,0.03%,"107,768",JEANNETTE,0.05%,"150,222"
365,PETE,0.03%,"104,502",PAM,0.05%,"150,222"
366,RANDOLPH,0.03%,"104,502",KELLI,0.05%,"150,222"
367,GARRY,0.03%,"104,502",HANNAH,0.05%,"146,956"
368,GEOFFREY,0.03%,"104,502",WHITNEY,0.05%,"146,956"
369,JONATHON,0.03%,"104,502",BRIDGET,0.05%,"146,956"
370,FELIPE,0.03%,"104,502",KARLA,0.04%,"143,690"
371,BENNIE,0.03%,"104,502",CELIA,0.04%,"143,690"
372,GERARDO,0.03%,"104,502",LATOYA,0.04%,"140,425"
373,ED,0.03%,"104,502",PATTY,0.04%,"140,425"
374,DOMINIC,0.03%,"104,502",SHELIA,0.04%,"140,425"
375,ROBIN,0.03%,"104,502",GAYLE,0.04%,"140,425"
376,LOREN,0.03%,"104,502",DELLA,0.04%,"140,425"
377,DELBERT,0.03%,"101,236",VICKY,0.04%,"140,425"
378,COLIN,0.03%,"101,236",LYNNE,0.04%,"140,425"
379,GUILLERMO,0.03%,"101,236",SHERI,0.04%,"137,159"
380,EARNEST,0.03%,"101,236",MARIANNE,0.04%,"137,159"
381,LUCAS,0.03%,"101,236",KARA,0.04%,"133,893"
382,BENNY,0.03%,"97,971",JACQUELYN,0.04%,"133,893"
383,NOEL,0.03%,"97,971",ERMA,0.04%,"133,893"
384,SPENCER,0.03%,"97,971",BLANCA,0.04%,"133,893"
385,RODOLFO,0.03%,"97,971",MYRA,0.04%,"130,628"
386,MYRON,0.03%,"97,971",LETICIA,0.04%,"130,628"
387,EDMUND,0.03%,"97,971",PAT,0.04%,"130,628"
388,GARRETT,0.03%,"94,705",KRISTA,0.04%,"130,628"
389,SALVATORE,0.03%,"94,705",ROXANNE,0.04%,"130,628"
390,CEDRIC,0.03%,"94,705",ANGELICA,0.04%,"127,362"
391,LOWELL,0.03%,"94,705",JOHNNIE,0.04%,"127,362"
392,GREGG,0.03%,"94,705",ROBYN,0.04%,"127,362"
393,SHERMAN,0.03%,"91,439",FRANCIS,0.04%,"127,362"
394,WILSON,0.03%,"91,439",ADRIENNE,0.04%,"127,362"
395,DEVIN,0.03%,"91,439",ROSALIE,0.04%,"127,362"
396,SYLVESTER,0.03%,"91,439",ALEXANDRA,0.04%,"127,362"
397,KIM,0.03%,"91,439",BROOKE,0.04%,"127,362"
398,ROOSEVELT,0.03%,"91,439",BETHANY,0.04%,"127,362"
399,ISRAEL,0.03%,"91,439",SADIE,0.04%,"127,362"
400,JERMAINE,0.03%,"91,439",BERNADETTE,0.04%,"127,362"
401,FORREST,0.03%,"88,174",TRACI,0.04%,"124,096"
402,WILBERT,0.03%,"88,174",JODY,0.04%,"124,096"
403,LELAND,0.03%,"88,174",KENDRA,0.04%,"124,096"
404,SIMON,0.03%,"84,908",JASMINE,0.04%,"124,096"
405,GUADALUPE,0.03%,"84,908",NICHOLE,0.04%,"124,096"
406,CLARK,0.03%,"84,908",RACHAEL,0.04%,"124,096"
407,IRVING,0.03%,"84,908",CHELSEA,0.04%,"124,096"
408,CARROLL,0.03%,"84,908",MABLE,0.04%,"124,096"
409,BRYANT,0.03%,"84,908",ERNESTINE,0.04%,"124,096"
410,OWEN,0.03%,"84,908",MURIEL,0.04%,"124,096"
411,RUFUS,0.03%,"81,642",MARCELLA,0.04%,"120,831"
412,WOODROW,0.03%,"81,642",ELENA,0.04%,"120,831"
413,SAMMY,0.03%,"81,642",KRYSTAL,0.04%,"120,831"
414,KRISTOPHER,0.03%,"81,642",ANGELINA,0.04%,"120,831"
415,MACK,0.03%,"81,642",NADINE,0.04%,"117,565"
416,LEVI,0.03%,"81,642",KARI,0.04%,"117,565"
417,MARCOS,0.03%,"81,642",ESTELLE,0.04%,"117,565"
418,GUSTAVO,0.03%,"81,642",DIANNA,0.04%,"117,565"
419,JAKE,0.03%,"81,642",PAULETTE,0.04%,"117,565"
420,LIONEL,0.02%,"78,377",LORA,0.04%,"117,565"
421,MARTY,0.02%,"78,377",MONA,0.04%,"114,299"
422,TAYLOR,0.02%,"78,377",DOREEN,0.04%,"114,299"
423,ELLIS,0.02%,"78,377",ROSEMARIE,0.04%,"114,299"
424,DALLAS,0.02%,"78,377",ANGEL,0.04%,"114,299"
425,GILBERTO,0.02%,"78,377",DESIREE,0.04%,"114,299"
426,CLINT,0.02%,"78,377",ANTONIA,0.04%,"114,299"
427,NICOLAS,0.02%,"78,377",HOPE,0.03%,"111,034"
428,LAURENCE,0.02%,"78,377",GINGER,0.03%,"111,034"
429,ISMAEL,0.02%,"78,377",JANIS,0.03%,"111,034"
430,ORVILLE,0.02%,"78,377",BETSY,0.03%,"111,034"
431,DREW,0.02%,"78,377",CHRISTIE,0.03%,"111,034"
432,JODY,0.02%,"78,377",FREDA,0.03%,"111,034"
433,ERVIN,0.02%,"75,111",MERCEDES,0.03%,"107,768"
434,DEWEY,0.02%,"75,111",MEREDITH,0.03%,"107,768"
435,AL,0.02%,"75,111",LYNETTE,0.03%,"107,768"
436,WILFRED,0.02%,"75,111",TERI,0.03%,"107,768"
437,JOSH,0.02%,"75,111",CRISTINA,0.03%,"107,768"
438,HUGO,0.02%,"75,111",EULA,0.03%,"107,768"
439,IGNACIO,0.02%,"75,111",LEIGH,0.03%,"104,502"
440,CALEB,0.02%,"75,111",MEGHAN,0.03%,"104,502"
441,TOMAS,0.02%,"75,111",SOPHIA,0.03%,"104,502"
442,SHELDON,0.02%,"75,111",ELOISE,0.03%,"104,502"
443,ERICK,0.02%,"75,111",ROCHELLE,0.03%,"104,502"
444,FRANKIE,0.02%,"75,111",GRETCHEN,0.03%,"104,502"
445,STEWART,0.02%,"71,845",CECELIA,0.03%,"104,502"
446,DOYLE,0.02%,"71,845",RAQUEL,0.03%,"101,236"
447,DARREL,0.02%,"71,845",HENRIETTA,0.03%,"101,236"
448,ROGELIO,0.02%,"71,845",ALYSSA,0.03%,"101,236"
449,TERENCE,0.02%,"71,845",JANA,0.03%,"101,236"
450,SANTIAGO,0.02%,"71,845",KELLEY,0.03%,"101,236"
451,ALONZO,0.02%,"71,845",GWEN,0.03%,"101,236"
452,ELIAS,0.02%,"71,845",KERRY,0.03%,"101,236"
453,BERT,0.02%,"71,845",JENNA,0.03%,"97,971"
454,ELBERT,0.02%,"71,845",TRICIA,0.03%,"97,971"
455,RAMIRO,0.02%,"71,845",LAVERNE,0.03%,"97,971"
456,CONRAD,0.02%,"71,845",OLIVE,0.03%,"97,971"
457,PAT,0.02%,"71,845",ALEXIS,0.03%,"97,971"
458,NOAH,0.02%,"71,845",TASHA,0.03%,"97,971"
459,GRADY,0.02%,"68,580",SILVIA,0.03%,"94,705"
460,PHIL,0.02%,"68,580",ELVIRA,0.03%,"94,705"
461,CORNELIUS,0.02%,"68,580",CASEY,0.03%,"94,705"
462,LAMAR,0.02%,"68,580",DELIA,0.03%,"94,705"
463,ROLANDO,0.02%,"68,580",SOPHIE,0.03%,"94,705"
464,CLAY,0.02%,"68,580",KATE,0.03%,"94,705"
465,PERCY,0.02%,"68,580",PATTI,0.03%,"94,705"
466,DEXTER,0.02%,"68,580",LORENA,0.03%,"94,705"
467,BRADFORD,0.02%,"68,580",KELLIE,0.03%,"94,705"
468,MERLE,0.02%,"68,580",SONJA,0.03%,"94,705"
469,DARIN,0.02%,"65,314",LILA,0.03%,"94,705"
470,AMOS,0.02%,"65,314",LANA,0.03%,"94,705"
471,TERRELL,0.02%,"65,314",DARLA,0.03%,"94,705"
472,MOSES,0.02%,"65,314",MAY,0.03%,"94,705"
473,IRVIN,0.02%,"65,314",MINDY,0.03%,"94,705"
474,SAUL,0.02%,"65,314",ESSIE,0.03%,"94,705"
475,ROMAN,0.02%,"65,314",MANDY,0.03%,"94,705"
476,DARNELL,0.02%,"65,314",LORENE,0.03%,"91,439"
477,RANDAL,0.02%,"65,314",ELSA,0.03%,"91,439"
478,TOMMIE,0.02%,"65,314",JOSEFINA,0.03%,"91,439"
479,TIMMY,0.02%,"62,048",JEANNIE,0.03%,"91,439"
480,DARRIN,0.02%,"62,048",MIRANDA,0.03%,"91,439"
481,WINSTON,0.02%,"62,048",DIXIE,0.03%,"91,439"
482,BRENDAN,0.02%,"62,048",LUCIA,0.03%,"91,439"
483,TOBY,0.02%,"62,048",MARTA,0.03%,"91,439"
484,VAN,0.02%,"62,048",FAITH,0.03%,"91,439"
485,ABEL,0.02%,"62,048",LELA,0.03%,"91,439"
486,DOMINICK,0.02%,"62,048",JOHANNA,0.03%,"91,439"
487,BOYD,0.02%,"62,048",SHARI,0.03%,"91,439"
488,COURTNEY,0.02%,"62,048",CAMILLE,0.03%,"91,439"
489,JAN,0.02%,"62,048",TAMI,0.03%,"88,174"
490,EMILIO,0.02%,"62,048",SHAWNA,0.03%,"88,174"
491,ELIJAH,0.02%,"62,048",ELISA,0.03%,"88,174"
492,CARY,0.02%,"62,048",EBONY,0.03%,"88,174"
493,DOMINGO,0.02%,"62,048",MELBA,0.03%,"88,174"
494,SANTOS,0.02%,"62,048",ORA,0.03%,"88,174"
495,AUBREY,0.02%,"62,048",NETTIE,0.03%,"88,174"
496,EMMETT,0.02%,"62,048",TABITHA,0.03%,"88,174"
497,MARLON,0.02%,"62,048",OLLIE,0.03%,"88,174"
498,EMANUEL,0.02%,"62,048",JAIME,0.03%,"88,174"
499,JERALD,0.02%,"62,048",WINIFRED,0.03%,"88,174"
500,EDMOND,0.02%,"62,048",KRISTIE,0.03%,"88,174"
501,EMIL,0.02%,"62,048",MARINA,0.03%,"88,174"
502,DEWAYNE,0.02%,"58,782",ALISHA,0.03%,"88,174"
503,WILL,0.02%,"58,782",AIMEE,0.03%,"88,174"
504,OTTO,0.02%,"58,782",RENA,0.03%,"88,174"
505,TEDDY,0.02%,"58,782",MYRNA,0.03%,"84,908"
506,REYNALDO,0.02%,"58,782",MARLA,0.03%,"84,908"
507,BRET,0.02%,"58,782",TAMMIE,0.03%,"84,908"
508,MORGAN,0.02%,"58,782",LATASHA,0.03%,"84,908"
509,JESS,0.02%,"58,782",BONITA,0.03%,"84,908"
510,TRENT,0.02%,"58,782",PATRICE,0.03%,"84,908"
511,HUMBERTO,0.02%,"58,782",RONDA,0.03%,"84,908"
512,EMMANUEL,0.02%,"58,782",SHERRIE,0.03%,"84,908"
513,STEPHAN,0.02%,"58,782",ADDIE,0.03%,"84,908"
514,LOUIE,0.02%,"58,782",FRANCINE,0.03%,"81,642"
515,VICENTE,0.02%,"55,517",DELORIS,0.03%,"81,642"
516,LAMONT,0.02%,"55,517",STACIE,0.03%,"81,642"
517,STACY,0.02%,"55,517",ADRIANA,0.03%,"81,642"
518,GARLAND,0.02%,"55,517",CHERI,0.03%,"81,642"
519,MILES,0.02%,"55,517",SHELBY,0.03%,"81,642"
520,MICAH,0.02%,"55,517",ABIGAIL,0.03%,"81,642"
521,EFRAIN,0.02%,"55,517",CELESTE,0.03%,"81,642"
522,BILLIE,0.02%,"55,517",JEWEL,0.03%,"81,642"
523,LOGAN,0.02%,"55,517",CARA,0.03%,"81,642"
524,HEATH,0.02%,"55,517",ADELE,0.03%,"81,642"
525,RODGER,0.02%,"55,517",REBEKAH,0.03%,"81,642"
526,HARLEY,0.02%,"55,517",LUCINDA,0.03%,"81,642"
527,DEMETRIUS,0.02%,"55,517",DORTHY,0.03%,"81,642"
528,ETHAN,0.02%,"55,517",CHRIS,0.02%,"78,377"
529,ELDON,0.02%,"55,517",EFFIE,0.02%,"78,377"
530,ROCKY,0.02%,"52,251",TRINA,0.02%,"78,377"
531,PIERRE,0.02%,"52,251",REBA,0.02%,"78,377"
532,JUNIOR,0.02%,"52,251",SHAWN,0.02%,"78,377"
533,FREDDY,0.02%,"52,251",SALLIE,0.02%,"78,377"
534,ELI,0.02%,"52,251",AURORA,0.02%,"78,377"
535,BRYCE,0.02%,"52,251",LENORA,0.02%,"78,377"
536,ANTOINE,0.02%,"52,251",ETTA,0.02%,"78,377"
537,ROBBIE,0.02%,"52,251",LOTTIE,0.02%,"78,377"
538,KENDALL,0.02%,"52,251",KERRI,0.02%,"78,377"
539,ROYCE,0.02%,"52,251",TRISHA,0.02%,"78,377"
540,STERLING,0.02%,"52,251",NIKKI,0.02%,"78,377"
541,MICKEY,0.02%,"52,251",ESTELLA,0.02%,"78,377"
542,CHASE,0.02%,"52,251",FRANCISCA,0.02%,"78,377"
543,GROVER,0.02%,"52,251",JOSIE,0.02%,"78,377"
544,ELTON,0.02%,"52,251",TRACIE,0.02%,"78,377"
545,CLEVELAND,0.02%,"52,251",MARISSA,0.02%,"78,377"
546,DYLAN,0.02%,"52,251",KARIN,0.02%,"78,377"
547,CHUCK,0.02%,"52,251",BRITTNEY,0.02%,"78,377"
548,DAMIAN,0.02%,"52,251",JANELLE,0.02%,"78,377"
549,REUBEN,0.02%,"48,985",LOURDES,0.02%,"78,377"
550,STAN,0.02%,"48,985",LAUREL,0.02%,"78,377"
551,AUGUST,0.02%,"48,985",HELENE,0.02%,"78,377"
552,LEONARDO,0.02%,"48,985",FERN,0.02%,"78,377"
553,JASPER,0.02%,"48,985",ELVA,0.02%,"78,377"
554,RUSSEL,0.02%,"48,985",CORINNE,0.02%,"78,377"
555,ERWIN,0.02%,"48,985",KELSEY,0.02%,"78,377"
556,BENITO,0.02%,"48,985",INA,0.02%,"75,111"
557,HANS,0.02%,"48,985",BETTIE,0.02%,"75,111"
558,MONTE,0.02%,"48,985",ELISABETH,0.02%,"75,111"
559,BLAINE,0.02%,"48,985",AIDA,0.02%,"75,111"
560,ERNIE,0.02%,"48,985",CAITLIN,0.02%,"75,111"
561,CURT,0.02%,"48,985",INGRID,0.02%,"75,111"
562,QUENTIN,0.02%,"48,985",IVA,0.02%,"75,111"
563,AGUSTIN,0.02%,"48,985",EUGENIA,0.02%,"75,111"
564,MURRAY,0.02%,"48,985",CHRISTA,0.02%,"75,111"
565,JAMAL,0.01%,"45,720",GOLDIE,0.02%,"75,111"
566,DEVON,0.01%,"45,720",CASSIE,0.02%,"75,111"
567,ADOLFO,0.01%,"45,720",MAUDE,0.02%,"75,111"
568,HARRISON,0.01%,"45,720",JENIFER,0.02%,"75,111"
569,TYSON,0.01%,"45,720",THERESE,0.02%,"71,845"
570,BURTON,0.01%,"45,720",FRANKIE,0.02%,"71,845"
571,BRADY,0.01%,"45,720",DENA,0.02%,"71,845"
572,ELLIOTT,0.01%,"45,720",LORNA,0.02%,"71,845"
573,WILFREDO,0.01%,"45,720",JANETTE,0.02%,"71,845"
574,BART,0.01%,"45,720",LATONYA,0.02%,"71,845"
575,JARROD,0.01%,"45,720",CANDY,0.02%,"71,845"
576,VANCE,0.01%,"45,720",MORGAN,0.02%,"71,845"
577,DENIS,0.01%,"45,720",CONSUELO,0.02%,"71,845"
578,DAMIEN,0.01%,"45,720",TAMIKA,0.02%,"71,845"
579,JOAQUIN,0.01%,"45,720",ROSETTA,0.02%,"71,845"
580,HARLAN,0.01%,"45,720",DEBORA,0.02%,"71,845"
581,DESMOND,0.01%,"45,720",CHERIE,0.02%,"71,845"
582,ELLIOT,0.01%,"45,720",POLLY,0.02%,"71,845"
583,DARWIN,0.01%,"45,720",DINA,0.02%,"71,845"
584,ASHLEY,0.01%,"45,720",JEWELL,0.02%,"68,580"
585,GREGORIO,0.01%,"45,720",FAY,0.02%,"68,580"
586,BUDDY,0.01%,"45,720",JILLIAN,0.02%,"68,580"
587,XAVIER,0.01%,"42,454",DOROTHEA,0.02%,"68,580"
588,KERMIT,0.01%,"42,454",NELL,0.02%,"68,580"
589,ROSCOE,0.01%,"42,454",TRUDY,0.02%,"68,580"
590,ESTEBAN,0.01%,"42,454",ESPERANZA,0.02%,"68,580"
591,ANTON,0.01%,"42,454",PATRICA,0.02%,"68,580"
592,SOLOMON,0.01%,"42,454",KIMBERLEY,0.02%,"68,580"
593,SCOTTY,0.01%,"42,454",SHANNA,0.02%,"68,580"
594,NORBERT,0.01%,"42,454",HELENA,0.02%,"68,580"
595,ELVIN,0.01%,"42,454",CAROLINA,0.02%,"68,580"
596,WILLIAMS,0.01%,"42,454",CLEO,0.02%,"68,580"
597,NOLAN,0.01%,"42,454",STEFANIE,0.02%,"68,580"
598,CAREY,0.01%,"42,454",ROSARIO,0.02%,"65,314"
599,ROD,0.01%,"42,454",OLA,0.02%,"65,314"
600,QUINTON,0.01%,"42,454",JANINE,0.02%,"65,314"
601,HAL,0.01%,"42,454",MOLLIE,0.02%,"65,314"
602,BRAIN,0.01%,"42,454",LUPE,0.02%,"65,314"
603,ROB,0.01%,"42,454",ALISA,0.02%,"65,314"
604,ELWOOD,0.01%,"42,454",LOU,0.02%,"65,314"
605,KENDRICK,0.01%,"42,454",MARIBEL,0.02%,"65,314"
606,DARIUS,0.01%,"42,454",SUSANNE,0.02%,"65,314"
607,MOISES,0.01%,"42,454",BETTE,0.02%,"62,048"
608,SON,0.01%,"39,188",SUSANA,0.02%,"62,048"
609,MARLIN,0.01%,"39,188",ELISE,0.02%,"62,048"
610,FIDEL,0.01%,"39,188",CECILE,0.02%,"62,048"
611,THADDEUS,0.01%,"39,188",ISABELLE,0.02%,"62,048"
612,CLIFF,0.01%,"39,188",LESLEY,0.02%,"62,048"
613,MARCEL,0.01%,"39,188",JOCELYN,0.02%,"62,048"
614,ALI,0.01%,"39,188",PAIGE,0.02%,"62,048"
615,JACKSON,0.01%,"39,188",JONI,0.02%,"62,048"
616,RAPHAEL,0.01%,"39,188",RACHELLE,0.02%,"62,048"
617,BRYON,0.01%,"39,188",LEOLA,0.02%,"62,048"
618,ARMAND,0.01%,"39,188",DAPHNE,0.02%,"62,048"
619,ALVARO,0.01%,"39,188",ALTA,0.02%,"62,048"
620,JEFFRY,0.01%,"39,188",ESTER,0.02%,"62,048"
621,DANE,0.01%,"39,188",PETRA,0.02%,"62,048"
622,JOESPH,0.01%,"39,188",GRACIELA,0.02%,"62,048"
623,THURMAN,0.01%,"39,188",IMOGENE,0.02%,"62,048"
624,NED,0.01%,"39,188",JOLENE,0.02%,"62,048"
625,SAMMIE,0.01%,"39,188",KEISHA,0.02%,"62,048"
626,RUSTY,0.01%,"39,188",LACEY,0.02%,"58,782"
627,MICHEL,0.01%,"39,188",GLENNA,0.02%,"58,782"
628,MONTY,0.01%,"39,188",GABRIELA,0.02%,"58,782"
629,RORY,0.01%,"39,188",KERI,0.02%,"58,782"
630,FABIAN,0.01%,"39,188",URSULA,0.02%,"58,782"
631,REGGIE,0.01%,"39,188",LIZZIE,0.02%,"58,782"
632,MASON,0.01%,"39,188",KIRSTEN,0.02%,"58,782"
633,GRAHAM,0.01%,"39,188",SHANA,0.02%,"58,782"
634,KRIS,0.01%,"35,923",ADELINE,0.02%,"58,782"
635,ISAIAH,0.01%,"35,923",MAYRA,0.02%,"58,782"
636,VAUGHN,0.01%,"35,923",JAYNE,0.02%,"58,782"
637,GUS,0.01%,"35,923",JACLYN,0.02%,"58,782"
638,AVERY,0.01%,"35,923",GRACIE,0.02%,"58,782"
639,LOYD,0.01%,"35,923",SONDRA,0.02%,"58,782"
640,DIEGO,0.01%,"35,923",CARMELA,0.02%,"58,782"
641,ALEXIS,0.01%,"35,923",MARISA,0.02%,"58,782"
642,ADOLPH,0.01%,"35,923",ROSALIND,0.02%,"58,782"
643,NORRIS,0.01%,"35,923",CHARITY,0.02%,"58,782"
644,MILLARD,0.01%,"35,923",TONIA,0.02%,"58,782"
645,ROCCO,0.01%,"35,923",BEATRIZ,0.02%,"58,782"
646,GONZALO,0.01%,"35,923",MARISOL,0.02%,"58,782"
647,DERICK,0.01%,"35,923",CLARICE,0.02%,"58,782"
648,RODRIGO,0.01%,"35,923",JEANINE,0.02%,"55,517"
649,GERRY,0.01%,"35,923",SHEENA,0.02%,"55,517"
650,STACEY,0.01%,"35,923",ANGELINE,0.02%,"55,517"
651,CARMEN,0.01%,"35,923",FRIEDA,0.02%,"55,517"
652,WILEY,0.01%,"35,923",LILY,0.02%,"55,517"
653,RIGOBERTO,0.01%,"35,923",ROBBIE,0.02%,"55,517"
654,ALPHONSO,0.01%,"35,923",SHAUNA,0.02%,"55,517"
655,TY,0.01%,"35,923",MILLIE,0.02%,"55,517"
656,SHELBY,0.01%,"35,923",CLAUDETTE,0.02%,"55,517"
657,RICKIE,0.01%,"35,923",CATHLEEN,0.02%,"55,517"
658,NOE,0.01%,"35,923",ANGELIA,0.02%,"55,517"
659,VERN,0.01%,"32,657",GABRIELLE,0.02%,"55,517"
660,BOBBIE,0.01%,"32,657",AUTUMN,0.02%,"55,517"
661,REED,0.01%,"32,657",KATHARINE,0.02%,"55,517"
662,JEFFERSON,0.01%,"32,657",SUMMER,0.02%,"55,517"
663,ELVIS,0.01%,"32,657",JODIE,0.02%,"55,517"
664,BERNARDO,0.01%,"32,657",STACI,0.02%,"55,517"
665,MAURICIO,0.01%,"32,657",LEA,0.02%,"55,517"
666,HIRAM,0.01%,"32,657",CHRISTI,0.02%,"55,517"
667,DONOVAN,0.01%,"32,657",JIMMIE,0.02%,"55,517"
668,BASIL,0.01%,"32,657",JUSTINE,0.02%,"55,517"
669,RILEY,0.01%,"32,657",ELMA,0.02%,"55,517"
670,OLLIE,0.01%,"32,657",LUELLA,0.02%,"55,517"
671,NICKOLAS,0.01%,"32,657",MARGRET,0.02%,"55,517"
672,MAYNARD,0.01%,"32,657",DOMINIQUE,0.02%,"52,251"
673,SCOT,0.01%,"32,657",SOCORRO,0.02%,"52,251"
674,VINCE,0.01%,"32,657",RENE,0.02%,"52,251"
675,QUINCY,0.01%,"32,657",MARTINA,0.02%,"52,251"
676,EDDY,0.01%,"32,657",MARGO,0.02%,"52,251"
677,SEBASTIAN,0.01%,"32,657",MAVIS,0.02%,"52,251"
678,FEDERICO,0.01%,"32,657",CALLIE,0.02%,"52,251"
679,ULYSSES,0.01%,"32,657",BOBBI,0.02%,"52,251"
680,HERIBERTO,0.01%,"32,657",MARITZA,0.02%,"52,251"
681,DONNELL,0.01%,"32,657",LUCILE,0.02%,"52,251"
682,COLE,0.01%,"32,657",LEANNE,0.02%,"52,251"
683,DENNY,0.01%,"32,657",JEANNINE,0.02%,"52,251"
684,DAVIS,0.01%,"32,657",DEANA,0.02%,"52,251"
685,GAVIN,0.01%,"32,657",AILEEN,0.02%,"52,251"
686,EMERY,0.01%,"32,657",LORIE,0.02%,"52,251"
687,WARD,0.01%,"32,657",LADONNA,0.02%,"52,251"
688,ROMEO,0.01%,"32,657",WILLA,0.02%,"52,251"
689,JAYSON,0.01%,"32,657",MANUELA,0.02%,"52,251"
690,DION,0.01%,"32,657",GALE,0.02%,"52,251"
691,DANTE,0.01%,"32,657",SELMA,0.02%,"52,251"
692,CLEMENT,0.01%,"32,657",DOLLY,0.02%,"52,251"
693,COY,0.01%,"32,657",SYBIL,0.02%,"52,251"
694,ODELL,0.01%,"32,657",ABBY,0.02%,"52,251"
695,MAXWELL,0.01%,"32,657",LARA,0.02%,"52,251"
696,JARVIS,0.01%,"32,657",DALE,0.02%,"52,251"
697,BRUNO,0.01%,"32,657",IVY,0.02%,"52,251"
698,ISSAC,0.01%,"32,657",DEE,0.02%,"52,251"
699,MARY,0.01%,"29,391",WINNIE,0.02%,"52,251"
700,DUDLEY,0.01%,"29,391",MARCY,0.02%,"52,251"
701,BROCK,0.01%,"29,391",LUISA,0.02%,"52,251"
702,SANFORD,0.01%,"29,391",JERI,0.02%,"48,985"
703,COLBY,0.01%,"29,391",MAGDALENA,0.02%,"48,985"
704,CARMELO,0.01%,"29,391",OFELIA,0.02%,"48,985"
705,BARNEY,0.01%,"29,391",MEAGAN,0.02%,"48,985"
706,NESTOR,0.01%,"29,391",AUDRA,0.02%,"48,985"
707,HOLLIS,0.01%,"29,391",MATILDA,0.02%,"48,985"
708,STEFAN,0.01%,"29,391",LEILA,0.02%,"48,985"
709,DONNY,0.01%,"29,391",CORNELIA,0.02%,"48,985"
710,ART,0.01%,"29,391",BIANCA,0.02%,"48,985"
711,LINWOOD,0.01%,"29,391",SIMONE,0.02%,"48,985"
712,BEAU,0.01%,"29,391",BETTYE,0.02%,"48,985"
713,WELDON,0.01%,"29,391",RANDI,0.02%,"48,985"
714,GALEN,0.01%,"29,391",VIRGIE,0.02%,"48,985"
715,ISIDRO,0.01%,"29,391",LATISHA,0.02%,"48,985"
716,TRUMAN,0.01%,"29,391",BARBRA,0.02%,"48,985"
717,DELMAR,0.01%,"29,391",GEORGINA,0.02%,"48,985"
718,JOHNATHON,0.01%,"29,391",ELIZA,0.02%,"48,985"
719,SILAS,0.01%,"29,391",LEANN,0.02%,"48,985"
720,FREDERIC,0.01%,"29,391",BRIDGETTE,0.02%,"48,985"
721,DICK,0.01%,"29,391",RHODA,0.01%,"45,720"
722,KIRBY,0.01%,"29,391",HALEY,0.01%,"45,720"
723,IRWIN,0.01%,"29,391",ADELA,0.01%,"45,720"
724,CRUZ,0.01%,"29,391",NOLA,0.01%,"45,720"
725,MERLIN,0.01%,"29,391",BERNADINE,0.01%,"45,720"
726,MERRILL,0.01%,"29,391",FLOSSIE,0.01%,"45,720"
727,CHARLEY,0.01%,"29,391",ILA,0.01%,"45,720"
728,MARCELINO,0.01%,"29,391",GRETA,0.01%,"45,720"
729,LANE,0.01%,"29,391",RUTHIE,0.01%,"45,720"
730,HARRIS,0.01%,"29,391",NELDA,0.01%,"45,720"
731,CLEO,0.01%,"29,391",MINERVA,0.01%,"45,720"
732,CARLO,0.01%,"29,391",LILLY,0.01%,"45,720"
733,TRENTON,0.01%,"29,391",TERRIE,0.01%,"45,720"
734,KURTIS,0.01%,"29,391",LETHA,0.01%,"45,720"
735,HUNTER,0.01%,"29,391",HILARY,0.01%,"45,720"
736,AURELIO,0.01%,"29,391",ESTELA,0.01%,"45,720"
737,WINFRED,0.01%,"29,391",VALARIE,0.01%,"45,720"
738,VITO,0.01%,"29,391",BRIANNA,0.01%,"45,720"
739,COLLIN,0.01%,"29,391",ROSALYN,0.01%,"45,720"
740,DENVER,0.01%,"29,391",EARLINE,0.01%,"45,720"
741,CARTER,0.01%,"29,391",CATALINA,0.01%,"45,720"
742,LEONEL,0.01%,"26,126",AVA,0.01%,"45,720"
743,EMORY,0.01%,"26,126",MIA,0.01%,"45,720"
744,PASQUALE,0.01%,"26,126",CLARISSA,0.01%,"45,720"
745,MOHAMMAD,0.01%,"26,126",LIDIA,0.01%,"45,720"
746,MARIANO,0.01%,"26,126",CORRINE,0.01%,"45,720"
747,DANIAL,0.01%,"26,126",ALEXANDRIA,0.01%,"45,720"
748,BLAIR,0.01%,"26,126",CONCEPCION,0.01%,"45,720"
749,LANDON,0.01%,"26,126",TIA,0.01%,"45,720"
750,DIRK,0.01%,"26,126",SHARRON,0.01%,"45,720"
751,BRANDEN,0.01%,"26,126",RAE,0.01%,"45,720"
752,ADAN,0.01%,"26,126",DONA,0.01%,"45,720"
753,NUMBERS,0.01%,"26,126",ERICKA,0.01%,"45,720"
754,CLAIR,0.01%,"26,126",JAMI,0.01%,"45,720"
755,BUFORD,0.01%,"26,126",ELNORA,0.01%,"45,720"
756,GERMAN,0.01%,"26,126",CHANDRA,0.01%,"45,720"
757,BERNIE,0.01%,"26,126",LENORE,0.01%,"45,720"
758,WILMER,0.01%,"26,126",NEVA,0.01%,"42,454"
759,JOAN,0.01%,"26,126",MARYLOU,0.01%,"42,454"
760,EMERSON,0.01%,"26,126",MELISA,0.01%,"42,454"
761,ZACHERY,0.01%,"26,126",TABATHA,0.01%,"42,454"
762,FLETCHER,0.01%,"26,126",SERENA,0.01%,"42,454"
763,JACQUES,0.01%,"26,126",AVIS,0.01%,"42,454"
764,ERROL,0.01%,"26,126",ALLIE,0.01%,"42,454"
765,DALTON,0.01%,"26,126",SOFIA,0.01%,"42,454"
766,MONROE,0.01%,"26,126",JEANIE,0.01%,"42,454"
767,JOSUE,0.01%,"26,126",ODESSA,0.01%,"42,454"
768,DOMINIQUE,0.01%,"26,126",NANNIE,0.01%,"42,454"
769,EDWARDO,0.01%,"26,126",HARRIETT,0.01%,"42,454"
770,BOOKER,0.01%,"26,126",LORAINE,0.01%,"42,454"
771,WILFORD,0.01%,"26,126",PENELOPE,0.01%,"42,454"
772,SONNY,0.01%,"26,126",MILAGROS,0.01%,"42,454"
773,SHELTON,0.01%,"26,126",EMILIA,0.01%,"42,454"
774,CARSON,0.01%,"26,126",BENITA,0.01%,"42,454"
775,THERON,0.01%,"26,126",ALLYSON,0.01%,"42,454"
776,RAYMUNDO,0.01%,"26,126",ASHLEE,0.01%,"42,454"
777,DAREN,0.01%,"26,126",TANIA,0.01%,"42,454"
778,TRISTAN,0.01%,"26,126",TOMMIE,0.01%,"42,454"
779,HOUSTON,0.01%,"26,126",ESMERALDA,0.01%,"42,454"
780,ROBBY,0.01%,"26,126",KARINA,0.01%,"42,454"
781,LINCOLN,0.01%,"26,126",EVE,0.01%,"42,454"
782,JAME,0.01%,"26,126",PEARLIE,0.01%,"42,454"
783,GENARO,0.01%,"26,126",ZELMA,0.01%,"42,454"
784,GALE,0.01%,"26,126",MALINDA,0.01%,"42,454"
785,BENNETT,0.01%,"26,126",NOREEN,0.01%,"42,454"
786,OCTAVIO,0.01%,"26,126",TAMEKA,0.01%,"42,454"
787,CORNELL,0.01%,"26,126",SAUNDRA,0.01%,"42,454"
788,LAVERNE,0.01%,"26,126",HILLARY,0.01%,"42,454"
789,HUNG,0.01%,"26,126",AMIE,0.01%,"42,454"
790,ARRON,0.01%,"26,126",ALTHEA,0.01%,"39,188"
791,ANTONY,0.01%,"26,126",ROSALINDA,0.01%,"39,188"
792,HERSCHEL,0.01%,"22,860",JORDAN,0.01%,"39,188"
793,ALVA,0.01%,"22,860",LILIA,0.01%,"39,188"
794,GIOVANNI,0.01%,"22,860",ALANA,0.01%,"39,188"
795,GARTH,0.01%,"22,860",GAY,0.01%,"39,188"
796,CYRUS,0.01%,"22,860",CLARE,0.01%,"39,188"
797,CYRIL,0.01%,"22,860",ALEJANDRA,0.01%,"39,188"
798,RONNY,0.01%,"22,860",ELINOR,0.01%,"39,188"
799,STEVIE,0.01%,"22,860",MICHAEL,0.01%,"39,188"
800,LON,0.01%,"22,860",LORRIE,0.01%,"39,188"
801,FREEMAN,0.01%,"22,860",JERRI,0.01%,"39,188"
802,ERIN,0.01%,"22,860",DARCY,0.01%,"39,188"
803,DUNCAN,0.01%,"22,860",EARNESTINE,0.01%,"39,188"
804,KENNITH,0.01%,"22,860",CARMELLA,0.01%,"39,188"
805,CARMINE,0.01%,"22,860",TAYLOR,0.01%,"39,188"
806,AUGUSTINE,0.01%,"22,860",NOEMI,0.01%,"39,188"
807,YOUNG,0.01%,"22,860",MARCIE,0.01%,"39,188"
808,ERICH,0.01%,"22,860",LIZA,0.01%,"39,188"
809,CHADWICK,0.01%,"22,860",ANNABELLE,0.01%,"39,188"
810,WILBURN,0.01%,"22,860",LOUISA,0.01%,"39,188"
811,RUSS,0.01%,"22,860",EARLENE,0.01%,"39,188"
812,REID,0.01%,"22,860",MALLORY,0.01%,"39,188"
813,MYLES,0.01%,"22,860",CARLENE,0.01%,"39,188"
814,ANDERSON,0.01%,"22,860",NITA,0.01%,"39,188"
815,MORTON,0.01%,"22,860",SELENA,0.01%,"39,188"
816,JONAS,0.01%,"22,860",TANISHA,0.01%,"39,188"
817,FOREST,0.01%,"22,860",KATY,0.01%,"39,188"
818,MITCHEL,0.01%,"22,860",JULIANNE,0.01%,"39,188"
819,MERVIN,0.01%,"22,860",JOHN,0.01%,"39,188"
820,ZANE,0.01%,"22,860",LAKISHA,0.01%,"35,923"
821,RICH,0.01%,"22,860",EDWINA,0.01%,"35,923"
822,JAMEL,0.01%,"22,860",MARICELA,0.01%,"35,923"
823,LAZARO,0.01%,"22,860",MARGERY,0.01%,"35,923"
824,ALPHONSE,0.01%,"22,860",KENYA,0.01%,"35,923"
825,RANDELL,0.01%,"22,860",DOLLIE,0.01%,"35,923"
826,MAJOR,0.01%,"22,860",ROXIE,0.01%,"35,923"
827,JOHNIE,0.01%,"22,860",ROSLYN,0.01%,"35,923"
828,JARRETT,0.01%,"22,860",KATHRINE,0.01%,"35,923"
829,BROOKS,0.01%,"22,860",NANETTE,0.01%,"35,923"
830,ARIEL,0.01%,"22,860",CHARMAINE,0.01%,"35,923"
831,ABDUL,0.01%,"22,860",LAVONNE,0.01%,"35,923"
832,DUSTY,0.01%,"22,860",ILENE,0.01%,"35,923"
833,LUCIANO,0.01%,"22,860",KRIS,0.01%,"35,923"
834,LINDSEY,0.01%,"22,860",TAMMI,0.01%,"35,923"
835,TRACEY,0.01%,"22,860",SUZETTE,0.01%,"35,923"
836,SEYMOUR,0.01%,"22,860",CORINE,0.01%,"35,923"
837,SCOTTIE,0.01%,"22,860",KAYE,0.01%,"35,923"
838,EUGENIO,0.01%,"22,860",JERRY,0.01%,"35,923"
839,MOHAMMED,0.01%,"22,860",MERLE,0.01%,"35,923"
840,SANDY,0.01%,"22,860",CHRYSTAL,0.01%,"35,923"
841,VALENTIN,0.01%,"22,860",LINA,0.01%,"35,923"
842,CHANCE,0.01%,"22,860",DEANNE,0.01%,"35,923"
843,ARNULFO,0.01%,"22,860",LILIAN,0.01%,"35,923"
844,LUCIEN,0.01%,"22,860",JULIANA,0.01%,"35,923"
845,FERDINAND,0.01%,"22,860",ALINE,0.01%,"35,923"
846,THAD,0.01%,"22,860",LUANN,0.01%,"35,923"
847,EZRA,0.01%,"22,860",KASEY,0.01%,"35,923"
848,SYDNEY,0.01%,"22,860",MARYANNE,0.01%,"35,923"
849,ALDO,0.01%,"22,860",EVANGELINE,0.01%,"35,923"
850,RUBIN,0.01%,"19,594",COLETTE,0.01%,"35,923"
851,ROYAL,0.01%,"19,594",MELVA,0.01%,"35,923"
852,MITCH,0.01%,"19,594",LAWANDA,0.01%,"35,923"
853,EARLE,0.01%,"19,594",YESENIA,0.01%,"35,923"
854,ABE,0.01%,"19,594",NADIA,0.01%,"35,923"
855,WYATT,0.01%,"19,594",MADGE,0.01%,"35,923"
856,MARQUIS,0.01%,"19,594",KATHIE,0.01%,"35,923"
857,LANNY,0.01%,"19,594",EDDIE,0.01%,"35,923"
858,KAREEM,0.01%,"19,594",OPHELIA,0.01%,"35,923"
859,JAMAR,0.01%,"19,594",VALERIA,0.01%,"35,923"
860,BORIS,0.01%,"19,594",NONA,0.01%,"35,923"
861,ISIAH,0.01%,"19,594",MITZI,0.01%,"35,923"
862,EMILE,0.01%,"19,594",MARI,0.01%,"35,923"
863,ELMO,0.01%,"19,594",GEORGETTE,0.01%,"35,923"
864,ARON,0.01%,"19,594",CLAUDINE,0.01%,"35,923"
865,LEOPOLDO,0.01%,"19,594",FRAN,0.01%,"35,923"
866,EVERETTE,0.01%,"19,594",ALISSA,0.01%,"35,923"
867,JOSEF,0.01%,"19,594",ROSEANN,0.01%,"32,657"
868,GAIL,0.01%,"19,594",LAKEISHA,0.01%,"32,657"
869,ELOY,0.01%,"19,594",SUSANNA,0.01%,"32,657"
870,DORIAN,0.01%,"19,594",REVA,0.01%,"32,657"
871,RODRICK,0.01%,"19,594",DEIDRE,0.01%,"32,657"
872,REINALDO,0.01%,"19,594",CHASITY,0.01%,"32,657"
873,LUCIO,0.01%,"19,594",SHEREE,0.01%,"32,657"
874,JERROD,0.01%,"19,594",CARLY,0.01%,"32,657"
875,WESTON,0.01%,"19,594",JAMES,0.01%,"32,657"
876,HERSHEL,0.01%,"19,594",ELVIA,0.01%,"32,657"
877,BARTON,0.01%,"19,594",ALYCE,0.01%,"32,657"
878,PARKER,0.01%,"19,594",DEIRDRE,0.01%,"32,657"
879,LEMUEL,0.01%,"19,594",GENA,0.01%,"32,657"
880,LAVERN,0.01%,"19,594",BRIANA,0.01%,"32,657"
881,BURT,0.01%,"19,594",ARACELI,0.01%,"32,657"
882,JULES,0.01%,"19,594",KATELYN,0.01%,"32,657"
883,GIL,0.01%,"19,594",ROSANNE,0.01%,"32,657"
884,ELISEO,0.01%,"19,594",WENDI,0.01%,"32,657"
885,AHMAD,0.01%,"19,594",TESSA,0.01%,"32,657"
886,NIGEL,0.01%,"19,594",BERTA,0.01%,"32,657"
887,EFREN,0.01%,"19,594",MARVA,0.01%,"32,657"
888,ANTWAN,0.01%,"19,594",IMELDA,0.01%,"32,657"
889,ALDEN,0.01%,"19,594",MARIETTA,0.01%,"32,657"
890,MARGARITO,0.01%,"19,594",MARCI,0.01%,"32,657"
891,COLEMAN,0.01%,"19,594",LEONOR,0.01%,"32,657"
892,REFUGIO,0.01%,"19,594",ARLINE,0.01%,"32,657"
893,DINO,0.01%,"19,594",SASHA,0.01%,"32,657"
894,OSVALDO,0.01%,"19,594",MADELYN,0.01%,"32,657"
895,LES,0.01%,"19,594",JANNA,0.01%,"32,657"
896,DEANDRE,0.01%,"19,594",JULIETTE,0.01%,"32,657"
897,NORMAND,0.01%,"19,594",DEENA,0.01%,"32,657"
898,KIETH,0.01%,"19,594",AURELIA,0.01%,"32,657"
899,IVORY,0.01%,"19,594",JOSEFA,0.01%,"32,657"
900,ANDREA,0.01%,"19,594",AUGUSTA,0.01%,"32,657"
901,TREY,0.01%,"19,594",LILIANA,0.01%,"32,657"
902,NORBERTO,0.01%,"19,594",YOUNG,0.01%,"32,657"
903,NAPOLEON,0.01%,"19,594",CHRISTIAN,0.01%,"32,657"
904,JEROLD,0.01%,"19,594",LESSIE,0.01%,"32,657"
905,FRITZ,0.01%,"19,594",AMALIA,0.01%,"32,657"
906,ROSENDO,0.01%,"19,594",SAVANNAH,0.01%,"32,657"
907,MILFORD,0.01%,"19,594",ANASTASIA,0.01%,"32,657"
908,SANG,0.01%,"19,594",VILMA,0.01%,"32,657"
909,DEON,0.01%,"19,594",NATALIA,0.01%,"32,657"
910,CHRISTOPER,0.01%,"19,594",ROSELLA,0.01%,"32,657"
911,ALFONZO,0.01%,"19,594",LYNNETTE,0.01%,"32,657"
912,LYMAN,0.01%,"19,594",CORINA,0.01%,"32,657"
913,JOSIAH,0.01%,"19,594",ALFREDA,0.01%,"29,391"
914,BRANT,0.01%,"19,594",LEANNA,0.01%,"29,391"
915,WILTON,0.01%,"19,594",CAREY,0.01%,"29,391"
916,RICO,0.01%,"19,594",AMPARO,0.01%,"29,391"
917,JAMAAL,0.01%,"19,594",COLEEN,0.01%,"29,391"
918,DEWITT,0.01%,"19,594",TAMRA,0.01%,"29,391"
919,CAROL,0.01%,"19,594",AISHA,0.01%,"29,391"
920,BRENTON,0.01%,"19,594",WILDA,0.01%,"29,391"
921,YONG,0.01%,"19,594",KARYN,0.01%,"29,391"
922,OLIN,0.01%,"19,594",CHERRY,0.01%,"29,391"
923,FOSTER,0.01%,"19,594",QUEEN,0.01%,"29,391"
924,FAUSTINO,0.01%,"19,594",MAURA,0.01%,"29,391"
925,CLAUDIO,0.01%,"19,594",MAI,0.01%,"29,391"
926,JUDSON,0.01%,"19,594",EVANGELINA,0.01%,"29,391"
927,GINO,0.01%,"19,594",ROSANNA,0.01%,"29,391"
928,EDGARDO,0.01%,"19,594",HALLIE,0.01%,"29,391"
929,BERRY,0.01%,"19,594",ERNA,0.01%,"29,391"
930,ALEC,0.01%,"19,594",ENID,0.01%,"29,391"
931,TANNER,0.01%,"19,594",MARIANA,0.01%,"29,391"
932,JARRED,0.01%,"19,594",LACY,0.01%,"29,391"
933,DONN,0.01%,"19,594",JULIET,0.01%,"29,391"
934,TRINIDAD,0.01%,"16,328",JACKLYN,0.01%,"29,391"
935,TAD,0.01%,"16,328",FREIDA,0.01%,"29,391"
936,SHIRLEY,0.01%,"16,328",MADELEINE,0.01%,"29,391"
937,PRINCE,0.01%,"16,328",MARA,0.01%,"29,391"
938,PORFIRIO,0.01%,"16,328",HESTER,0.01%,"29,391"
939,ODIS,0.01%,"16,328",CATHRYN,0.01%,"29,391"
940,MARIA,0.01%,"16,328",LELIA,0.01%,"29,391"
941,LENARD,0.01%,"16,328",CASANDRA,0.01%,"29,391"
942,CHAUNCEY,0.01%,"16,328",BRIDGETT,0.01%,"29,391"
943,CHANG,0.01%,"16,328",ANGELITA,0.01%,"29,391"
944,TOD,0.01%,"16,328",JANNIE,0.01%,"29,391"
945,MEL,0.01%,"16,328",DIONNE,0.01%,"29,391"
946,MARCELO,0.01%,"16,328",ANNMARIE,0.01%,"29,391"
947,KORY,0.01%,"16,328",KATINA,0.01%,"29,391"
948,AUGUSTUS,0.01%,"16,328",BERYL,0.01%,"29,391"
949,KEVEN,0.01%,"16,328",PHOEBE,0.01%,"29,391"
950,HILARIO,0.01%,"16,328",MILLICENT,0.01%,"29,391"
951,BUD,0.01%,"16,328",KATHERYN,0.01%,"29,391"
952,SAL,0.01%,"16,328",DIANN,0.01%,"29,391"
953,ROSARIO,0.01%,"16,328",CARISSA,0.01%,"29,391"
954,ORVAL,0.01%,"16,328",MARYELLEN,0.01%,"29,391"
955,MAURO,0.01%,"16,328",LIZ,0.01%,"29,391"
956,DANNIE,0.01%,"16,328",LAURI,0.01%,"29,391"
957,ZACHARIAH,0.01%,"16,328",HELGA,0.01%,"29,391"
958,OLEN,0.01%,"16,328",GILDA,0.01%,"29,391"
959,ANIBAL,0.01%,"16,328",ADRIAN,0.01%,"29,391"
960,MILO,0.01%,"16,328",RHEA,0.01%,"29,391"
961,JED,0.01%,"16,328",MARQUITA,0.01%,"29,391"
962,FRANCES,0.01%,"16,328",HOLLIE,0.01%,"29,391"
963,THANH,0.01%,"16,328",TISHA,0.01%,"29,391"
964,DILLON,0.01%,"16,328",TAMERA,0.01%,"29,391"
965,AMADO,0.01%,"16,328",ANGELIQUE,0.01%,"29,391"
966,NEWTON,0.01%,"16,328",FRANCESCA,0.01%,"29,391"
967,CONNIE,0.01%,"16,328",BRITNEY,0.01%,"29,391"
968,LENNY,0.01%,"16,328",KAITLIN,0.01%,"29,391"
969,TORY,0.01%,"16,328",LOLITA,0.01%,"29,391"
970,RICHIE,0.01%,"16,328",FLORINE,0.01%,"29,391"
971,LUPE,0.01%,"16,328",ROWENA,0.01%,"29,391"
972,HORACIO,0.01%,"16,328",REYNA,0.01%,"29,391"
973,BRICE,0.01%,"16,328",TWILA,0.01%,"29,391"
974,MOHAMED,0.01%,"16,328",FANNY,0.01%,"29,391"
975,DELMER,0.01%,"16,328",JANELL,0.01%,"29,391"
976,DARIO,0.01%,"16,328",INES,0.01%,"29,391"
977,REYES,0.01%,"16,328",CONCETTA,0.01%,"29,391"
978,DEE,0.01%,"16,328",BERTIE,0.01%,"29,391"
979,MAC,0.01%,"16,328",ALBA,0.01%,"29,391"
980,JONAH,0.01%,"16,328",BRIGITTE,0.01%,"29,391"
981,JERROLD,0.01%,"16,328",ALYSON,0.01%,"29,391"
982,ROBT,0.01%,"16,328",VONDA,0.01%,"26,126"
983,HANK,0.01%,"16,328",PANSY,0.01%,"26,126"
984,SUNG,0.01%,"16,328",ELBA,0.01%,"26,126"
985,RUPERT,0.01%,"16,328",NOELLE,0.01%,"26,126"
986,ROLLAND,0.01%,"16,328",LETITIA,0.01%,"26,126"
987,KENTON,0.01%,"16,328",KITTY,0.01%,"26,126"
988,DAMION,0.01%,"16,328",DEANN,0.01%,"26,126"
989,CHI,0.01%,"16,328",BRANDIE,0.01%,"26,126"
990,ANTONE,0.01%,"16,328",LOUELLA,0.01%,"26,126"
991,WALDO,0.01%,"16,328",LETA,0.01%,"26,126"
992,FREDRIC,0.01%,"16,328",FELECIA,0.01%,"26,126"
993,BRADLY,0.01%,"16,328",SHARLENE,0.01%,"26,126"
994,QUINN,0.01%,"16,328",LESA,0.01%,"26,126"
995,KIP,0.01%,"16,328",BEVERLEY,0.01%,"26,126"
996,BURL,0.01%,"16,328",ROBERT,0.01%,"26,126"
997,WALKER,0.01%,"16,328",ISABELLA,0.01%,"26,126"
998,TYREE,0.01%,"16,328",HERMINIA,0.01%,"26,126"
999,JEFFEREY,0.01%,"16,328",TERRA,0.01%,"26,126"
1000,AHMED,0.01%,"16,328",CELINA,0.01%,"26,126"